id;query;result_summary;classified_at
1;given or;../fake-data/blob/hipster.txt;2026-03-30T13:17:46
2;금발의;../fake-data/blob/hipster.txt;2026-03-30T11:28:51
3;대담한 aha;../fake-data/blob/hipster.txt;2026-03-30T11:43:40
4;till so tousle;../fake-data/blob/hipster.txt;2026-03-29T21:18:54
5;pish;../fake-data/blob/hipster.txt;2026-03-30T14:56:04
6;whoever;../fake-data/blob/hipster.txt;2026-03-30T16:10:28
7;흥미롭게 어지러운 finally;../fake-data/blob/hipster.txt;2026-03-30T04:25:56
8;승인 공적;../fake-data/blob/hipster.txt;2026-03-30T08:50:37
9;lest;../fake-data/blob/hipster.txt;2026-03-30T11:52:35
10;guilt oof 희미한;../fake-data/blob/hipster.txt;2026-03-30T14:39:14
11;zowie till;../fake-data/blob/hipster.txt;2026-03-30T11:49:46
12;해석학 바쁘게;../fake-data/blob/hipster.txt;2026-03-30T10:57:15
13;몹시 용감하게;../fake-data/blob/hipster.txt;2026-03-30T14:14:43
14;goose pish;../fake-data/blob/hipster.txt;2026-03-29T20:33:10
15;ha 고의로 near;../fake-data/blob/hipster.txt;2026-03-29T20:38:17
16;lest 에어백;../fake-data/blob/hipster.txt;2026-03-29T20:57:24
17;천하게 as 비싼;../fake-data/blob/hipster.txt;2026-03-30T03:51:35
18;침략 yuck;../fake-data/blob/hipster.txt;2026-03-30T01:13:25
19;고요히 as 밝게;../fake-data/blob/hipster.txt;2026-03-29T23:00:30
20;than 무정부주의자;../fake-data/blob/hipster.txt;2026-03-30T09:10:14
21;짧은 after what;../fake-data/blob/hipster.txt;2026-03-30T04:42:46
22;lest 상쾌한 지속적으로;../fake-data/blob/hipster.txt;2026-03-30T07:47:36
23;until 완벽한 의심스럽게;../fake-data/blob/hipster.txt;2026-03-30T05:51:28
24;gah 탄약;../fake-data/blob/hipster.txt;2026-03-30T01:07:51
25;within likewise 형용사;../fake-data/blob/hipster.txt;2026-03-30T07:45:08
26;ouch implode drain;../fake-data/blob/hipster.txt;2026-03-30T07:51:04
27;의심스럽게 ew 유리한;../fake-data/blob/hipster.txt;2026-03-30T02:13:45
28;간단히 yuck;../fake-data/blob/hipster.txt;2026-03-30T17:31:24
29;beside;../fake-data/blob/hipster.txt;2026-03-29T19:37:18
30;about sans;../fake-data/blob/hipster.txt;2026-03-30T17:22:17
